 insert into user_type values ('usertype01','buyer');
 insert into user_type values ('usertype02','inventory manager');
 insert into products values ('product01','product 1');
 insert into products values ('product02','product 2');
 insert into products values ('product03','product 3');
 insert into products values ('product04','product 4');
insert into products values ('product05','product 5');
 insert into discount_coupons values ('discount01','type 1','discount coupon 1');
insert into discount_coupons values ('discount02','type 2','discount coupon 2');
 insert into discount_coupons values ('discount03','type 3','discount coupon 3');
 insert into discount_coupons values ('discount04','type 4','discount coupon 4');
 insert into discount_coupons values ('discount05','type 5','discount coupon 5');
insert into product_price_and_color values ('pricecol01',11,'color 1','product01');
 insert into product_price_and_color values ('pricecol02',12,'color 2','product01');
 insert into product_price_and_color values ('pricecol03',21,'color 1','product02');
 insert into product_price_and_color values ('pricecol04',23,'color 3','product02');
 insert into product_price_and_color values ('pricecol05',33,'color 2','product03');
 insert into product_price_and_color values ('pricecol06',14,'color 3','product04');
 insert into product_price_and_color values ('pricecol07',12,'color 1','product05');
 insert into users values ('users001','name 1','email 1','passwd01','usertype01');
 insert into users values ('users002','name 2','email 2','passwd02','usertype02');
 insert into users values ('users003','name 3','email 3','passwd03','usertype01');
 insert into users values ('users004','name 4','email 4','passwd04','usertype02');
 insert into users values ('users005','name 5','email 5','passwd05','usertype01');
 insert  into orders(id,total_cost,user_id) values ('orders01',44,'users001');
insert  into orders(id,total_cost,user_id) values ('orders02',70,'users002');
insert  into orders(id,total_cost,user_id) values ('orders03',35,'users003');
 insert  into orders(id,total_cost,user_id) values ('orders04',77,'users004');
 insert  into orders(id,total_cost,user_id) values ('orders05',37,'users005');
insert into order_product_list values ('orderp01','product01','orders01','color 1');
 insert into order_product_list values ('orderp02','product01','orders01','color 2');
 insert into order_product_list values ('orderp03','product02','orders01','color 1');
 insert into order_product_list values ('orderp04','product02','orders02','color 3');
 insert into order_product_list values ('orderp05','product03','orders02','color 2');
 insert into order_product_list values ('orderp06','product04','orders02','color 3');
 insert into order_product_list values ('orderp07','product05','orders03','color 1');
 insert into order_product_list values ('orderp08','product01','orders03','color 1');
 insert into order_product_list values ('orderp09','product01','orders03','color 2');
 insert into order_product_list values ('orderp10','product02','orders04','color 1');
 insert into order_product_list values ('orderp11','product02','orders04','color 3');
 insert into order_product_list values ('orderp12','product03','orders04','color 2');
 insert into order_product_list values ('orderp13','product04','orders05','color 3');
 insert into order_product_list values ('orderp14','product05','orders05','color 1');
 insert into order_product_list values ('orderp15','product01','orders05','color 1');
 insert  into orders(id,user_id,payment_id) values ('orders02','users002',null); 
 insert  into orders(id,user_id,payment_id) values ('orders03','users003',null); 
 insert  into orders(id,user_id,payment_id) values ('orders04','users004',null); 
 insert  into orders(id,user_id,payment_id) values ('orders05','users005',null); 
 insert into order_product_list values ('ppc00001','pricecol01','orders01');
 insert into order_product_list values ('ppc00002','pricecol02','orders01');
insert into order_product_list values ('ppc00003','pricecol03','orders01');
 insert into order_product_list values ('ppc00004','pricecol04','orders02');
 insert into order_product_list values ('ppc00005','pricecol05','orders02');
 insert into order_product_list values ('ppc00006','pricecol06','orders03');
 insert into order_product_list values ('ppc00007','pricecol07','orders03');
 insert into order_product_list values ('ppc00008','pricecol01','orders04');
 insert into order_product_list values ('ppc00009','pricecol03','orders04');
 insert into order_product_list values ('ppc00010','pricecol03','orders05');
 select payment_function('payment01','payed','net bank','discount01','orders01');
 select payment_function('payment01','payed','net bank','discount01','orders01');
 select payment_function('payment02','payed','offline','discount02','orders02');

